customer_ID,A_res,B_res,C_res,D_res,E_res,F_res,G_res
10000000,1,0,2,2,1,2,1
10000005,0,0,3,2,0,0,2
10000007,0,0,1,2,0,0,1
10000013,1,1,3,2,1,1,3
10000014,1,1,1,1,0,2,2
10000016,2,0,3,3,0,3,3
10000019,2,1,2,3,1,2,3
10000023,1,1,1,3,1,1,2
10000025,0,0,1,1,0,0,3
10000026,1,1,3,3,1,2,3
10000027,0,0,2,2,0,0,1
10000028,1,0,1,3,0,2,3
10000031,1,1,1,1,0,1,2
10000032,1,1,3,3,0,2,3
